train_loss,train_accuracy,val_loss,val_accuracy,epoch
0.4430942523479462,0.8008333333333333,0.3434214228391647,0.855,1
0.24827567597230277,0.9,0.35542320728302,0.86,2
0.16922922750314076,0.9320833333333334,0.31467138439416886,0.8875,3
0.12297971720496813,0.96,0.3467621445655823,0.88125,4
0.08655590819815795,0.9679166666666666,0.37641626060009004,0.87875,5
